Date,Adj Close
2015-01-16,2.3513184
2015-01-20,0.38739014
2015-01-21,0.9189453
2015-01-22,2.720642
2015-01-23,-1.0180054
2015-01-26,0.43244934
2015-01-27,-2.441452
2015-01-28,-2.3423462
2015-01-29,1.666687
2015-01-30,-2.288269
2015-02-02,2.2252045
2015-02-03,2.6306152
2015-02-04,-0.70266724
2015-02-05,1.855835
2015-02-06,-0.5135193
2015-02-09,-0.8287964
2015-02-10,1.9638977
2015-02-11,0.10810852
2015-02-12,1.7927856
2015-02-13,0.77479553
2015-02-17,0.2973175
2015-02-18,0.017990112
2015-02-19,-0.13510132
2015-02-20,1.1351013
2015-02-23,-0.027023315
2015-02-24,0.5405121
2015-02-25,-0.16212463
2015-02-26,-0.22520447
2015-02-27,-0.64868164
2015-03-02,1.1982269
2015-03-03,-0.78382874
2015-03-04,-0.8018036
2015-03-05,0.2071991
2015-03-06,-2.6666107
2015-03-09,0.7747345
2015-03-10,-3.0449677
2015-03-11,-0.4324646
2015-03-12,2.3423004
2015-03-13,-1.144104
2015-03-16,2.4774323
2015-03-17,-0.558548
2015-03-18,2.2522278
2015-03-19,-0.8648224
2015-03-20,1.6659546
2015-03-23,-0.37098694
2015-03-24,-1.0678253
2015-03-25,-2.769043
2015-03-26,-0.44340515
2015-03-27,0.42526245
2015-03-30,2.271347
2015-03-31,-1.6469116
2015-04-01,-0.6605835
2015-04-02,0.6696472
2015-04-06,1.2578125
2015-04-07,-0.49772644
2015-04-08,0.6334381
2015-04-09,0.83255005
2015-04-10,1.0315704
2015-04-13,-0.85961914
2015-04-14,0.36190796
2015-04-15,0.85061646
2015-04-16,-0.054260254
2015-04-17,-2.1899261
2015-04-20,1.7193604
2015-04-21,-0.22619629
2015-04-22,0.9320526
2015-04-23,0.479599
2015-04-24,0.44340515
2015-04-27,-0.79634094
2015-04-28,0.6063385
2015-04-29,-0.7872925
2015-04-30,-1.9094086
2015-05-01,2.0451202
2015-05-04,0.5429535
2015-05-05,-2.1898804
2015-05-06,-0.778244
2015-05-07,0.75109863
2015-05-08,2.4885254
2015-05-11,-0.91397095
2015-05-12,-0.5700989
2015-05-13,0.036193848
2015-05-14,1.9817657
2015-05-15,0.20812988
2015-05-18,0.5972595
2015-05-19,-0.06335449
2015-05-20,-0.13574219
2015-05-21,0.5610199
2015-05-22,-0.4614563
2015-05-26,-2.0722961
2015-05-27,1.809845
2015-05-28,-0.21713257
2015-05-29,-1.194519
2015-06-01,0.38912964
2015-06-02,-0.19007874
2015-06-03,0.50675964
2015-06-04,-1.6197815
2015-06-05,-0.3257904
2015-06-08,-1.1673126
2015-06-09,-0.027236938
2015-06-10,2.2623596
2015-06-11,0.6153412
2015-06-12,-1.4659424
2015-06-15,-0.8144531
2015-06-16,1.0316162
2015-06-17,0.30766296
2015-06-18,1.981781
2015-06-19,-0.8547821
2015-06-22,0.9820862
2015-06-23,0.13641357
2015-06-24,-1.4003754
2015-06-25,-0.58195496
2015-06-26,-0.03640747
2015-06-29,-4.000946
2015-06-30,0.3909912
2015-07-01,1.5003357
2015-07-02,-0.17276001
2015-07-06,-0.53645325
2015-07-07,1.1821136
2015-07-08,-3.1735687
2015-07-09,0.33647156
2015-07-10,2.3460236
2015-07-13,2.0823517
2015-07-14,0.8274994
2015-07-15,-0.06365967
2015-07-16,1.5367432
2015-07-17,0.16369629
2015-07-20,0.099990845
2015-07-21,-0.7638092
2015-07-22,-0.3455658
2015-07-23,-1.082077
2015-07-24,-1.9822693
2015-07-27,-1.100357
2015-07-28,2.309723
2015-07-29,1.3093872
2015-07-30,0.045516968
2015-07-31,-0.29101562
2015-08-03,-0.6456299
2015-08-04,-0.37275696
2015-08-05,0.6273804
2015-08-06,-1.5640106
2015-08-07,-0.36376953
2015-08-10,2.3824463
2015-08-11,-1.7276764
2015-08-12,0.22727966
2015-08-13,-0.23641968
2015-08-14,0.6911011
2015-08-17,1.0638885
2015-08-18,-0.55467224
2015-08-19,-1.5094757
2015-08-20,-3.9555054
2015-08-21,-5.5832825
2015-08-24,-7.5746155
2015-08-25,-2.0277252
2015-08-26,6.537979
2015-08-27,4.3738403
2015-08-28,0.0090789795
2015-08-31,-1.4640198
2015-09-01,-5.36499
2015-09-02,3.3099518
2015-09-03,0.12728882
2015-09-04,-2.691574
2015-09-08,4.4010925
2015-09-09,-2.4005737
2015-09-10,0.96383667
2015-09-11,0.8093262
2015-09-14,-0.66381836
2015-09-15,2.227829
2015-09-16,1.5639954
2015-09-17,-0.40919495
2015-09-18,-2.967865
2015-09-21,0.9232025
2015-09-22,-2.330841
2015-09-23,-0.28338623
2015-09-24,-0.63986206
2015-09-25,-0.045639038
2015-09-28,-4.424011
2015-09-29,0.10054016
2015-09-30,3.2083282
2015-10-01,0.4570465
2015-10-02,2.6233063
2015-10-05,3.1717377
2015-10-06,-0.621521
2015-10-07,1.4806976
2015-10-08,1.6453094
2015-10-09,0.10964966
2015-10-12,0.17367554
2015-10-13,-1.1607971
2015-10-14,-0.8775177
2015-10-15,2.7969666
2015-10-16,0.8409424
2015-10-19,0.091415405
2015-10-20,-0.23764038
2015-10-21,-1.1517334
2015-10-22,3.116928
2015-10-23,2.0565643
2015-10-26,-0.4661255
2015-10-27,-0.3656311
2015-10-28,2.1480103
2015-10-29,-0.109695435
2015-10-30,-0.8226471
2015-11-02,2.2485962
2015-11-03,0.55752563
2015-11-04,-0.5849762
2015-11-05,-0.19195557
2015-11-06,-0.10055542
2015-11-09,-1.7915344
2015-11-10,0.43876648
2015-11-11,-0.74949646
2015-11-12,-2.6507874
2015-11-13,-2.102295
2015-11-16,2.815277
2015-11-17,-0.13711548
2015-11-18,2.979782
2015-11-19,-0.164505
2015-11-20,0.6946564
2015-11-23,-0.2193451
2015-11-24,0.2558899
2015-11-25,-0.027374268
2015-11-27,0.2193451
2015-11-30,-0.7952423
2015-12-01,1.818985
2015-12-02,-1.96521
2015-12-03,-2.6690063
2015-12-04,3.6653137
2015-12-07,-1.1608276
2015-12-08,-1.2796783
2015-12-09,-1.4716187
2015-12-10,0.4844513
2015-12-11,-3.6470337
2015-12-14,0.932312
2015-12-15,1.9469757
2015-12-16,2.7421265
2015-12-17,-2.8975677
2015-12-18,-3.3358612
2015-12-21,1.5171051
2015-12-22,1.6827087
2015-12-23,2.3170776
2015-12-24,-0.31262207
2015-12-28,-0.43215942
2015-12-29,2.0136719
2015-12-30,-1.351654
2015-12-31,-1.8941193
2016-01-04,-2.6205444
2016-01-05,0.3126068
2016-01-06,-2.335495
2016-01-07,-4.385956
2016-01-08,-1.9584808
2016-01-11,0.17468262
2016-01-12,1.4252319
2016-01-13,-4.441147
2016-01-14,2.8504028
2016-01-15,-3.788269
2016-01-19,0.22988892
2016-01-20,-2.215973
2016-01-21,0.95628357
2016-01-22,3.5216064
2016-01-25,-2.6481476
2016-01-26,2.3539124
2016-01-27,-1.9033508
2016-01-28,0.9011078
2016-01-29,4.238846
2016-02-01,-0.06436157
2016-02-02,-3.2090454
2016-02-03,1.0482635
2016-02-04,0.27581787
2016-02-05,-3.3561096
2016-02-08,-2.3263092
2016-02-09,0.009216309
2016-02-10,-0.1471405
2016-02-11,-2.2159424
2016-02-12,3.4664612
2016-02-16,2.896347
2016-02-17,2.850418
2016-02-18,-0.72639465
2016-02-19,-0.08274841
2016-02-22,2.5561981
2016-02-23,-2.2619324
2016-02-24,0.8091278
2016-02-25,2.1516113
2016-02-26,-0.4138031
2016-02-29,-1.4067993
2016-03-01,4.183655
2016-03-02,0.81837463
2016-03-03,0.7171936
2016-03-04,0.5976715
2016-03-07,0.14712524
2016-03-08,-2.0136719
2016-03-09,0.901062
2016-03-10,0.14710999
2016-03-11,2.9607697
2016-03-14,-0.23905945
2016-03-15,-0.30343628
2016-03-16,1.0757599
2016-03-17,1.1861725
2016-03-18,0.7393799
2016-03-21,0.26800537
2016-03-22,-0.10168457
2016-03-23,-1.2476959
2016-03-24,-0.08314514
2016-03-28,0.11088562
2016-03-29,1.7375336
2016-03-30,0.8318176
2016-03-31,-0.46211243
2016-04-01,1.29393
2016-04-04,-0.6192322
2016-04-05,-1.9039307
2016-04-06,2.0610352
2016-04-07,-2.2828064
2016-04-08,0.5082855
2016-04-11,-0.44361877
2016-04-12,1.7560272
2016-04-13,1.9224396
2016-04-14,0.009216309
2016-04-15,-0.21261597
2016-04-18,1.349411
2016-04-19,0.6100006
2016-04-20,0.18484497
2016-04-21,-1.0443878
2016-04-22,0.0
2016-04-25,-0.33273315
2016-04-26,0.28652954
2016-04-27,0.3973999
2016-04-28,-1.756073
2016-04-29,-1.03508
2016-05-02,1.5157318
2016-05-03,-1.6728668
2016-05-04,-1.0628357
2016-05-05,-0.036972046
2016-05-06,0.693161
2016-05-09,0.15713501
2016-05-10,2.3659973
2016-05-11,-1.8022614
2016-05-12,0.05545044
2016-05-13,-1.6636047
2016-05-16,1.8669586
2016-05-17,-1.7837372
2016-05-18,0.055419922
2016-05-19,-0.6562195
2016-05-20,1.1922913
2016-05-23,-0.2587738
2016-05-24,2.458435
2016-05-25,1.3031464
2016-05-26,0.05545044
2016-05-27,0.8318329
2016-05-31,-0.36965942
2016-06-01,0.3973999
2016-06-02,0.59150696
2016-06-03,-0.5823059
2016-06-06,0.9889679
2016-06-07,0.3049469
2016-06-08,0.63775635
2016-06-09,-0.26805115
2016-06-10,-1.8576813
2016-06-13,-1.4972687
2016-06-14,-0.37895203
2016-06-15,-0.26802063
2016-06-16,0.57302856
2016-06-17,-0.7171936
2016-06-20,1.2355652
2016-06-21,0.5482025
2016-06-22,-0.3159027
2016-06-23,2.5177002
2016-06-24,-7.032837
2016-06-27,-3.381668
2016-06-28,3.3445435
2016-06-29,3.2144623
2016-06-30,2.619873
2016-07-01,0.40878296
2016-07-05,-1.4028625
2016-07-06,1.1612854
2016-07-07,-0.1207428
2016-07-08,2.8985748
2016-07-11,0.6967926
2016-07-12,1.4399872
2016-07-13,-0.027877808
2016-07-14,1.1148682
2016-07-15,-0.26942444
2016-07-18,0.53881836
2016-07-19,-0.20440674
2016-07-20,0.8361511
2016-07-21,-0.7617798
2016-07-22,0.9011688
2016-07-25,-0.54815674
2016-07-26,0.09286499
2016-07-27,-0.2136383
2016-07-28,0.23225403
2016-07-29,0.32514954
2016-08-01,-0.16719055
2016-08-02,-1.2914124
2016-08-03,0.58532715
2016-08-04,0.21366882
2016-08-05,1.6443939
2016-08-08,-0.120788574
2016-08-09,0.120788574
2016-08-10,-0.5016632
2016-08-11,0.938324
2016-08-12,-0.17652893
2016-08-15,0.58529663
2016-08-16,-1.0497894
2016-08-17,0.38087463
2016-08-18,0.45524597
2016-08-19,-0.2973175
2016-08-22,-0.009277344
2016-08-23,0.40878296
2016-08-24,-1.0404968
2016-08-25,-0.13938904
2016-08-26,-0.3808899
2016-08-29,0.9940338
2016-08-30,-0.33442688
2016-08-31,-0.57598877
2016-09-01,0.009292603
2016-09-02,0.9104309
2016-09-06,0.61317444
2016-09-07,-0.018585205
2016-09-08,-0.46450806
2016-09-09,-4.858856
2016-09-12,2.8428497
2016-09-13,-2.889328
2016-09-14,-0.07432556
2016-09-15,1.9788818
2016-09-16,-0.7731476
2016-09-19,0.037322998
2016-09-20,0.0093688965
2016-09-21,2.2409515
2016-09-22,1.2698517
2016-09-23,-1.1111298
2016-09-26,-1.6340027
2016-09-27,1.2418671
2016-09-28,0.9990692
2016-09-29,-1.8300781
2016-09-30,1.5126038
2016-10-03,-0.4855652
2016-10-04,-1.0270386
2016-10-05,0.8870239
2016-10-06,0.14001465
2016-10-07,-0.69091797
2016-10-10,1.0457916
2016-10-11,-2.549118
2016-10-12,0.26145935
2016-10-13,-0.6536102
2016-10-14,0.10273743
2016-10-17,-0.69099426
2016-10-18,1.2418671
2016-10-19,0.5322418
2016-10-20,-0.3735199
2016-10-21,0.09338379
2016-10-24,0.8496704
2016-10-25,-0.67225647
2016-10-26,-0.40150452
2016-10-27,-0.53219604
2016-10-28,-0.5883026
2016-10-31,0.009353638
2016-11-01,-1.4379425
2016-11-02,-1.1858215
2016-11-03,-0.8964081
2016-11-04,-0.21470642
2016-11-07,4.2950897
2016-11-08,0.8963928
2016-11-09,2.1195984
2016-11-10,0.5041809
2016-11-11,-0.46684265
2016-11-14,0.15872192
2016-11-15,1.5780029
2016-11-16,-0.3828125
2016-11-17,1.0457764
2016-11-18,-0.4575348
2016-11-21,1.5406342
2016-11-22,0.40151978
2016-11-23,0.11204529
2016-11-25,0.7656555
2016-11-28,-0.97109985
2016-11-29,0.40148926
2016-11-30,-0.49482727
2016-12-01,-0.75634766
2016-12-02,0.10270691
2016-12-05,1.232544
2016-12-06,0.6536102
2016-12-07,2.7078094
2016-12-08,0.51353455
2016-12-09,1.2698822
2016-12-12,-0.24276733
2016-12-13,1.4099426
2016-12-14,-1.7554169
2016-12-15,0.8683624
2016-12-16,-0.4142151
2016-12-19,0.46022034
2016-12-20,0.81715393
2016-12-21,-0.5917206
2016-12-22,-0.366333
2016-12-23,0.3099823
2016-12-27,0.5259857
2016-12-28,-1.7563934
2016-12-29,-0.046966553
2016-12-30,-0.77015686
2017-01-03,1.6061096
2017-01-04,1.2585602
2017-01-05,-0.16906738
2017-01-06,0.7607727
2017-01-09,-0.7043762
2017-01-10,0.0
2017-01-11,0.60105896
2017-01-12,-0.5353546
2017-01-13,0.4883728
2017-01-17,-0.7513733
2017-01-18,0.469635
2017-01-19,-0.7889557
2017-01-20,0.779541
2017-01-23,-0.55418396
2017-01-24,1.3619385
2017-01-25,1.8502808
2017-01-26,-0.22538757
2017-01-27,-0.33813477
2017-01-30,-1.333725
2017-01-31,-0.018753052
2017-02-01,0.084503174
2017-02-02,0.14086914
2017-02-03,1.4746246
2017-02-06,-0.38510132
2017-02-07,0.009399414
2017-02-08,0.2817688
2017-02-09,1.2773438
2017-02-10,0.85469055
2017-02-13,1.1834717
2017-02-14,0.8734741
2017-02-15,1.1458435
2017-02-16,-0.18782043
2017-02-17,0.34750366
2017-02-21,1.3149261
2017-02-22,-0.19725037
2017-02-23,0.15026855
2017-02-24,0.28179932
2017-02-27,0.34750366
2017-02-28,-0.60112
2017-03-01,3.1088562
2017-03-02,-1.4182281
2017-03-03,0.14089966
2017-03-06,-0.66685486
2017-03-07,-0.6668854
2017-03-08,-0.41326904
2017-03-09,0.28178406
2017-03-10,0.779541
2017-03-13,0.11273193
2017-03-14,-0.85472107
2017-03-15,1.9254303
2017-03-16,-0.44140625
2017-03-17,-0.39338684
2017-03-20,-0.24523926
2017-03-21,-2.8677216
2017-03-22,0.51882935
2017-03-23,-0.23579407
2017-03-24,-0.16040039
2017-03-27,-0.22639465
2017-03-28,1.603653
2017-03-29,0.20751953
2017-03-30,0.7075043
2017-03-31,-0.5188141
2017-04-03,-0.3867798
2017-04-04,0.14146423
2017-04-05,-0.66026306
2017-04-06,0.62260437
2017-04-07,-0.22645569
2017-04-10,0.13209534
2017-04-11,-0.26412964
2017-04-12,-0.9716034
2017-04-13,-1.4338684
2017-04-17,1.9432373
2017-04-18,-0.66033936
2017-04-19,-0.40560913
2017-04-20,1.7923126
2017-04-21,-0.7075043
2017-04-24,2.4337616
2017-04-25,1.3017731
2017-04-26,-0.14147949
2017-04-27,0.18864441
2017-04-28,-0.49049377
2017-05-01,0.5659485
2017-05-02,0.0848999
2017-05-03,-0.2735443
2017-05-04,0.2641449
2017-05-05,0.8867035
2017-05-08,-0.037719727
2017-05-09,-0.20755005
2017-05-10,0.4056244
2017-05-11,-0.46220398
2017-05-12,-0.3773651
2017-05-15,1.2452087
2017-05-16,-0.20755005
2017-05-17,-4.018509
2017-05-18,0.89616394
2017-05-19,1.4526825
2017-05-22,1.1414185
2017-05-23,0.49996948
2017-05-24,0.5282593
2017-05-25,1.0847778
2017-05-26,-0.04714966
2017-05-30,-0.1980896
2017-05-31,-0.05659485
2017-06-01,1.8111572
2017-06-02,0.7640991
2017-06-05,-0.16978455
2017-06-06,-0.7358246
2017-06-07,0.42453003
2017-06-08,0.1131897
2017-06-09,-0.34901428
2017-06-12,-0.047195435
2017-06-13,1.1225891
2017-06-14,-0.2924652
2017-06-15,-0.44332886
2017-06-16,0.050231934
2017-06-19,1.9147949
2017-06-20,-1.5640717
2017-06-21,-0.056884766
2017-06-22,-0.104278564
2017-06-23,0.27490234
2017-06-26,0.15167236
2017-06-27,-1.8579254
2017-06-28,2.0475006
2017-06-29,-2.0285492
2017-06-30,0.4265747
2017-07-03,0.38865662
2017-07-05,0.53082275
2017-07-06,-2.1043854
2017-07-07,1.4787598
2017-07-10,0.2464447
2017-07-11,-0.17062378
2017-07-12,1.7252197
2017-07-13,0.38864136
2017-07-14,1.0806274
2017-07-17,-0.028427124
2017-07-18,0.12322998
2017-07-19,1.2607269
2017-07-20,0.104263306
2017-07-21,-0.20851135
2017-07-24,-0.056900024
2017-07-25,0.5687561
2017-07-26,0.009490967
2017-07-27,-0.2180481
2017-07-28,-0.27488708
2017-07-31,-0.13269043
2017-08-01,0.5213623
2017-08-02,0.11373901
2017-08-03,-0.45500183
2017-08-04,0.4265747
2017-08-07,0.4360199
2017-08-08,-0.5782318
2017-08-09,-0.009475708
2017-08-10,-3.3082275
2017-08-11,0.34121704
2017-08-14,2.2939606
2017-08-15,-0.028411865
2017-08-16,0.4076233
2017-08-17,-3.6495056
2017-08-18,-0.36019897
2017-08-21,0.18008423
2017-08-22,2.4077148
2017-08-23,-0.8341217
2017-08-24,-0.5403137
2017-08-25,0.5403137
2017-08-28,0.009460449
2017-08-29,0.26541138
2017-08-30,1.0995636
2017-08-31,1.4029541
2017-09-01,0.3317566
2017-09-05,-1.6873322
2017-09-06,0.7962494
2017-09-07,-0.028396606
2017-09-08,-0.27490234
2017-09-11,2.4929962
2017-09-12,0.7962799
2017-09-13,0.11375427
2017-09-14,-0.07582092
2017-09-15,0.31910706
2017-09-18,0.5048828
2017-09-19,0.23815918
2017-09-20,0.085739136
2017-09-21,-0.6382599
2017-09-22,0.0476532
2017-09-25,-0.48583984
2017-09-26,0.1428833
2017-09-27,0.92404175
2017-09-28,0.28578186
2017-09-29,0.83833313
2017-10-02,1.0383453
2017-10-03,0.5144043
2017-10-04,0.28581238
2017-10-05,1.4289398
2017-10-06,-0.27630615
2017-10-09,-0.4000702
2017-10-10,0.6382446
2017-10-11,0.38104248
2017-10-12,-0.3619995
2017-10-13,0.29534912
2017-10-16,0.32385254
2017-10-17,0.17147827
2017-10-18,0.23815918
2017-10-19,0.06668091
2017-10-20,1.2574615
2017-10-23,-0.95262146
2017-10-24,0.42868042
2017-10-25,-1.2098389
2017-10-26,0.31437683
2017-10-27,1.990982
2017-10-30,-0.91452026
2017-10-31,0.38101196
2017-11-01,0.32391357
2017-11-02,0.09527588
2017-11-03,0.8192749
2017-11-06,0.38104248
2017-11-07,-0.17146301
2017-11-08,0.41911316
2017-11-09,-0.8954468
2017-11-10,-0.07621765
2017-11-13,0.22862244
2017-11-14,-0.5715637
2017-11-15,-1.2288513
2017-11-16,2.076706
2017-11-17,-0.7240143
2017-11-20,0.41912842
2017-11-21,1.6099701
2017-11-22,-0.2190857
2017-11-24,0.5715332
2017-11-27,-0.12382507
2017-11-28,2.5149384
2017-11-29,-0.15242004
2017-11-30,2.19104
2017-12-01,-0.5239563
2017-12-04,-0.30482483
2017-12-05,-0.9050293
2017-12-06,0.047668457
2017-12-07,0.7906494
2017-12-08,1.3718109
2017-12-11,0.76208496
2017-12-12,0.44770813
2017-12-13,-0.028549194
2017-12-14,-1.0383606
2017-12-15,2.1074677
2017-12-18,1.6181335
2017-12-19,-0.9862213
2017-12-20,-0.13407898
2017-12-21,0.5266113
2017-12-22,-0.066986084
2017-12-26,-0.30638123
2017-12-27,0.124435425
2017-12-28,0.52664185
2017-12-29,-0.96707153
2018-01-02,1.8288269
2018-01-03,1.6277161
2018-01-04,1.0915222
2018-01-05,1.7330627
2018-01-08,0.47879028
2018-01-09,0.5936279
2018-01-10,-0.40219116
2018-01-11,1.914978
2018-01-12,1.7235413
2018-01-16,-0.90960693
2018-01-17,2.5276794
2018-01-18,-0.44992065
2018-01-19,1.2159729
2018-01-22,2.1831055
2018-01-23,0.5744934
2018-01-24,-0.10531616
2018-01-25,0.114868164
2018-01-26,3.1405334
2018-01-29,-1.8191833
2018-01-30,-2.7958374
2018-01-31,0.13394165
2018-02-01,-0.30630493
2018-02-02,-5.8694153
2018-02-05,-11.0303955
2018-02-06,4.9790344
2018-02-07,-1.3979492
2018-02-08,-9.61319
2018-02-09,3.70549
2018-02-12,3.676773
2018-02-13,0.63191223
2018-02-14,3.4374237
2018-02-15,3.2937012
2018-02-16,0.07662964
2018-02-20,-1.6372986
2018-02-21,-1.292633
2018-02-22,0.33514404
2018-02-23,4.12677
2018-02-26,3.0544128
2018-02-27,-3.3224792
2018-02-28,-2.6618652
2018-03-01,-3.7820435
2018-03-02,1.3213196
2018-03-05,2.9777527
2018-03-06,0.66070557
2018-03-07,-0.095703125
2018-03-08,1.263855
2018-03-09,4.5672607
2018-03-12,-0.33514404
2018-03-13,-1.7235107
2018-03-14,-1.3596802
2018-03-15,-0.28720093
2018-03-16,0.28555298
2018-03-19,-3.5665894
2018-03-20,0.44229126
2018-03-21,-0.49993896
2018-03-22,-6.4985504
2018-03-23,-5.402664
2018-03-26,6.786972
2018-03-27,-4.3355713
2018-03-28,-0.74028015
2018-03-29,3.1916504
2018-04-02,-5.4603577
2018-04-03,3.1723938
2018-04-04,2.6820984
2018-04-05,1.9995728
2018-04-06,-5.691086
2018-04-09,1.230484
2018-04-10,3.989502
2018-04-11,-1.3361664
2018-04-12,2.0860596
2018-04-13,-0.7498932
2018-04-16,2.0957336
2018-04-17,2.7493896
2018-04-18,0.19229126
2018-04-19,-1.4419861
2018-04-20,-2.191864
2018-04-23,-0.03845215
2018-04-24,-3.4511414
2018-04-25,0.62483215
2018-04-26,2.5763702
2018-04-27,0.24035645
2018-04-30,-1.9707336
2018-05-01,0.451828
2018-05-02,-1.7111511
2018-05-03,-0.5575714
2018-05-04,3.2684479
2018-05-07,0.86524963
2018-05-08,0.0
2018-05-09,2.4802246
2018-05-10,2.4225159
2018-05-11,0.7979126
2018-05-14,0.125
2018-05-15,-1.807312
2018-05-16,1.0958862
2018-05-17,-0.22106934
2018-05-18,-0.65374756
2018-05-21,1.9610901
2018-05-22,-0.73062134
2018-05-23,0.7210388
2018-05-24,-0.5383606
2018-05-25,-0.6248474
2018-05-29,-3.0089417
2018-05-30,3.4511108
2018-05-31,-1.6053772
2018-06-01,2.557129
2018-06-04,1.2497253
2018-06-05,0.19229126
2018-06-06,2.211029
2018-06-07,-0.028808594
2018-06-08,0.78829956
2018-06-11,0.35562134
2018-06-12,0.3461609
2018-06-13,-0.85562134
2018-06-14,0.6729126
2018-06-15,-0.34179688
2018-06-18,-0.55044556
2018-06-19,-1.0235596
2018-06-20,0.4538269
2018-06-21,-1.6705322
2018-06-22,0.4828186
2018-06-25,-3.6115417
2018-06-26,0.57940674
2018-06-27,-2.1727295
2018-06-28,1.4870911
2018-06-29,0.37664795
2018-07-02,0.5600586
2018-07-03,-0.927063
2018-07-05,2.1340332
2018-07-06,2.2306824
2018-07-09,2.3948364
2018-07-10,0.9655762
2018-07-11,-1.9698792
2018-07-12,2.4237976
2018-07-13,0.21240234
2018-07-16,-0.24139404
2018-07-17,1.091156
2018-07-18,0.5697632
2018-07-19,-1.0235901
2018-07-20,-0.309021
2018-07-23,0.50216675
2018-07-24,1.3615417
2018-07-25,2.317566
2018-07-26,-0.6470337
2018-07-27,-1.8539734
2018-07-30,-1.4194946
2018-07-31,1.33255
2018-08-01,-0.45385742
2018-08-02,1.477478
2018-08-03,1.1683655
2018-08-06,1.004303
2018-08-07,0.9076538
2018-08-08,-0.115875244
2018-08-09,-0.37652588
2018-08-10,-1.8443909
2018-08-13,-1.0235901
2018-08-14,1.7381287
2018-08-15,-2.0471191
2018-08-16,2.2016602
2018-08-17,0.9655762
2018-08-20,0.5890808
2018-08-21,0.6470032
2018-08-22,-0.16415405
2018-08-23,-0.36697388
2018-08-24,1.6608887
2018-08-27,2.1920166
2018-08-28,0.13522339
2018-08-29,1.5064087
2018-08-30,-1.1394653
2018-08-31,0.009613037
2018-09-04,-0.4827881
2018-09-05,-0.75323486
2018-09-06,-0.8400574
2018-09-07,-0.54074097
2018-09-10,0.48275757
2018-09-11,0.9173584
2018-09-12,0.06762695
2018-09-13,1.6512146
2018-09-14,0.048309326
2018-09-17,-1.4870911
2018-09-18,1.5160828
2018-09-19,0.2993164
2018-09-20,2.2789612
2018-09-21,-0.2590332
2018-09-24,-0.94091797
2018-09-25,-0.26190186
2018-09-26,-0.8439026
2018-09-27,0.78570557
2018-09-28,0.029052734
2018-10-01,0.97979736
2018-10-02,-0.16494751
2018-10-03,0.15524292
2018-10-04,-2.2117004
2018-10-05,-1.5714111
2018-10-08,0.0
2018-10-09,-0.40737915
2018-10-10,-8.827118
2018-10-11,-5.9461975
2018-10-12,3.6666565
2018-10-15,-1.50354
2018-10-16,5.820099
2018-10-17,0.04849243
2018-10-18,-3.9285583
2018-10-19,-0.14550781
2018-10-22,-1.2028503
2018-10-23,-1.3579712
2018-10-24,-8.041443
2018-10-25,4.6172485
2018-10-26,-4.607544
2018-10-29,-1.4259186
2018-10-30,3.7927704
2018-10-31,2.7742615
2018-11-01,2.7936401
2018-11-02,-1.5713806
2018-11-05,1.4549866
2018-11-06,1.6781006
2018-11-07,5.7134094
2018-11-08,-0.49475098
2018-11-09,-2.6578064
2018-11-12,-5.0343933
2018-11-13,-0.49472046
2018-11-14,-1.8042297
2018-11-15,2.735443
2018-11-16,0.6887207
2018-11-19,-4.49115
2018-11-20,-4.8306885
2018-11-21,0.87301636
2018-11-23,-1.716919
2018-11-26,4.1225586
2018-11-27,0.87298584
2018-11-28,5.9946594
2018-11-29,-0.5819702
2018-11-30,1.6199341
2018-12-03,3.5405579
2018-12-04,-8.7786255
2018-12-06,-0.3977356
2018-12-07,-6.08197
2018-12-10,0.4850464
2018-12-11,0.058135986
2018-12-12,1.2901611
2018-12-13,-0.08731079
2018-12-14,-4.753067
2018-12-17,-4.9567566
2018-12-18,-0.2716217
2018-12-19,-3.70549
2018-12-20,-3.9673157
2018-12-21,-4.912552
2018-12-24,-6.2053223
2018-12-26,11.552032
2018-12-27,1.8440704
2018-12-28,-0.31222534
2018-12-31,2.1172028
2019-01-02,0.25367737
2019-01-03,-5.8247833
2019-01-04,7.981018
2019-01-07,1.9416199
2019-01-08,2.3318634
2019-01-09,1.1708374
2019-01-10,0.8878479
2019-01-11,0.097595215
2019-01-14,-1.5415955
2019-01-15,2.8782806
2019-01-16,0.6146393
2019-01-17,1.9318695
2019-01-18,3.414856
2019-01-22,-3.5124512
2019-01-23,0.5366516
2019-01-24,0.13656616
2019-01-25,2.1757812
2019-01-28,-1.9708252
2019-01-29,-0.34152222
2019-01-30,4.068573
2019-01-31,2.2928467
2019-02-01,0.12680054
2019-02-04,1.8538208
2019-02-05,1.1122437
2019-02-06,-0.35125732
2019-02-07,-2.5366821
2019-02-08,0.32192993
2019-02-11,0.1463623
2019-02-12,3.3953857
2019-02-13,0.86828613
2019-02-14,-0.5951233
2019-02-15,2.9172668
2019-02-19,0.46835327
2019-02-20,0.5463562
2019-02-21,-0.96591187
2019-02-22,1.6781616
2019-02-25,0.37075806
2019-02-26,-0.1951294
2019-02-27,-0.11703491
2019-02-28,-0.5074463
2019-03-01,1.6977234
2019-03-04,-0.9951782
2019-03-05,-0.37078857
2019-03-06,-1.6488953
2019-03-07,-2.2635803
2019-03-08,-0.53656006
2019-03-11,3.8831787
2019-03-12,1.0244141
2019-03-13,1.8049927
2019-03-14,-0.17559814
2019-03-15,1.3553467
2019-03-18,0.9995117
2019-03-19,0.06863403
2019-03-20,-0.8329773
2019-03-21,3.1163635
2019-03-22,-5.370331
2019-03-25,-0.20574951
2019-03-26,2.0382996
2019-03-27,-1.4405518
2019-03-28,1.0388184
2019-03-29,1.7345581
2019-04-01,3.282898
2019-04-02,0.13717651
2019-04-03,0.44100952
2019-04-04,0.744751
2019-04-05,1.3622131
2019-04-08,0.21560669
2019-04-09,-1.4504089
2019-04-10,0.9604187
2019-04-11,-0.07839966
2019-04-12,1.9109497
2019-04-15,-0.18621826
2019-04-16,0.18621826
2019-04-17,-0.6958008
2019-04-18,0.55856323
2019-04-22,0.24499512
2019-04-23,2.5577393
2019-04-24,-0.6369324
2019-04-25,-0.17642212
2019-04-26,1.3327637
2019-04-29,0.45077515
2019-04-30,0.14700317
2019-05-01,-2.165741
2019-05-02,-0.6174011
2019-05-03,2.7929382
2019-05-06,-1.1857605
2019-05-07,-4.7920837
2019-05-08,-0.3920288
2019-05-09,-0.85253906
2019-05-10,1.4111633
2019-05-13,-7.0950623
2019-05-14,2.4891357
2019-05-15,1.62677
2019-05-16,2.5871887
2019-05-17,-1.8227844
2019-05-20,-1.8521423
2019-05-21,2.508728
2019-05-22,-0.86239624
2019-05-23,-3.4200745
2019-05-24,0.62716675
2019-05-28,-2.5773315
2019-05-29,-1.8423767
2019-05-30,0.744751
2019-05-31,-3.6846924
2019-06-03,-0.6859741
2019-06-04,5.8406677
2019-06-05,2.3813782
2019-06-06,1.8031006
2019-06-07,2.7929077
2019-06-10,1.2936096
2019-06-11,-0.068603516
2019-06-12,-0.49978638
2019-06-13,1.1661377
2019-06-14,-0.3135376
2019-06-17,0.107788086
2019-06-18,2.9692993
2019-06-19,0.64678955
2019-06-20,2.743927
2019-06-21,-0.42141724
2019-06-24,-0.3545227
2019-06-25,-2.8360596
2019-06-26,-0.2855835
2019-06-27,1.0143127
2019-06-28,1.4770813
2019-07-01,2.6194458
2019-07-02,0.7582092
2019-07-03,2.3338318
2019-07-05,-0.33480835
2019-07-08,-1.6149292
2019-07-09,0.36434937
2019-07-10,1.3983154
2019-07-11,0.68930054
2019-07-12,1.3195801
2019-07-15,0.098480225
2019-07-16,-0.9552002
2019-07-17,-2.0088806
2019-07-18,1.0733643
2019-07-19,-1.6346436
2019-07-22,0.71884155
2019-07-23,2.0975037
2019-07-24,1.3884888
2019-07-25,-1.4180603
2019-07-26,1.9793396
2019-07-29,-0.541626
2019-07-30,-0.72869873
2019-07-31,-3.2397766
2019-08-01,-2.550476
2019-08-02,-2.1861572
2019-08-05,-8.66571
2019-08-06,3.9192505
2019-08-07,0.16744995
2019-08-08,5.563751
2019-08-09,-1.9694824
2019-08-12,-3.4957886
2019-08-13,4.411621
2019-08-14,-8.518036
2019-08-15,0.7385559
2019-08-16,4.1359253
2019-08-19,3.4269104
2019-08-20,-2.205841
2019-08-21,2.3240356
2019-08-22,-0.08868408
2019-08-23,-7.395355
2019-08-26,3.1018982
2019-08-27,-1.1127625
2019-08-28,1.9892273
2019-08-29,3.6336365
2019-08-30,-0.1279602
2019-09-03,-1.68396
2019-09-04,3.2496948
2019-09-05,3.7223206
2019-09-06,0.22644043
2019-09-09,0.14776611
2019-09-10,-0.06893921
2019-09-11,2.0876465
2019-09-12,1.0241089
2019-09-13,-0.19692993
2019-09-16,-0.915802
2019-09-17,0.74838257
2019-09-18,0.17727661
2019-09-19,-0.019714355
2019-09-20,-1.4008484
2019-09-23,-0.069244385
2019-09-24,-2.3149414
2019-09-25,1.7312622
2019-09-26,-0.6133728
2019-09-27,-1.5828552
2019-09-30,1.3553162
2019-10-01,-3.4921875
2019-10-02,-5.1245117
2019-10-03,2.3347473
2019-10-04,3.887909
2019-10-07,-1.2564392
2019-10-08,-4.501251
2019-10-09,2.7106628
2019-10-10,1.948883
2019-10-11,3.0074463
2019-10-14,-0.32644653
2019-10-15,2.8986206
2019-10-16,-0.47488403
2019-10-17,0.87057495
2019-10-18,-1.2959595
2019-10-21,1.998352
2019-10-22,-0.9694824
2019-10-23,0.86065674
2019-10-24,0.48477173
2019-10-25,1.2168274
2019-10-28,1.6817627
2019-10-29,-0.08898926
2019-10-30,0.9200134
2019-10-31,-0.80130005
2019-11-01,2.7799072
2019-11-04,1.2168274
2019-11-05,-0.33636475
2019-11-06,0.069244385
2019-11-07,1.0684204
2019-11-08,0.7518616
2019-11-11,-0.5836792
2019-11-12,0.6430359
2019-11-13,0.09893799
2019-11-14,0.4451599
2019-11-15,2.216034
2019-11-18,0.22750854
2019-11-19,-0.089019775
2019-11-20,-1.147583
2019-11-21,-0.49465942
2019-11-22,0.6826172
2019-11-25,2.3841858
2019-11-26,0.7023926
2019-11-27,1.3850403
2019-11-29,-1.1574707
2019-12-02,-2.641388
2019-12-03,-2.0676575
2019-12-04,1.8895569
2019-12-05,0.5539856
2019-12-06,2.8194885
2019-12-09,-0.9793701
2019-12-10,-0.34625244
2019-12-11,0.88046265
2019-12-12,2.6809692
2019-12-13,0.18798828
2019-12-16,2.1566162
2019-12-17,0.0692749
2019-12-18,0.01977539
2019-12-19,1.2959595
2019-12-20,1.3918152
2019-12-23,0.4871521
2019-12-24,0.0099487305
2019-12-26,1.6999817
2019-12-27,-0.079559326
2019-12-30,-1.7695923
2019-12-31,0.77545166
2020-01-02,2.9924011
2020-01-03,-2.4455872
2020-01-06,1.2228088
2020-01-07,-0.9046936
2020-01-08,1.7099609
2020-01-09,2.1871033
2020-01-10,-0.9345093
2020-01-13,2.2269287
2020-01-14,-0.4970703
2020-01-15,0.73565674
2020-01-16,2.7140503
2020-01-17,1.0239868
2020-01-21,-0.6462097
2020-01-22,0.039764404
2020-01-23,0.3777771
2020-01-24,-2.9327698
2020-01-27,-5.2391663
2020-01-28,3.3701782
2020-01-29,-0.26843262
2020-01-30,1.0538025
2020-01-31,-5.9151917
2020-02-03,2.376007
2020-02-04,4.911133
2020-02-05,3.777771
2020-02-06,1.1134644
2020-02-07,-1.7695923
2020-02-10,2.4654846
2020-02-11,0.57662964
2020-02-12,2.1473694
2020-02-13,-0.35791016
2020-02-14,0.53686523
2020-02-18,-0.8649292
2020-02-19,1.6005859
2020-02-20,-1.3818665
2020-02-21,-3.449707
2020-02-24,-10.995331
2020-02-25,-9.712921
2020-02-26,-1.14328
2020-02-27,-13.908203
2020-02-28,-1.2426758
2020-03-02,12.754974
2020-03-03,-8.798279
2020-03-04,12.546234
2020-03-05,-10.339203
2020-03-06,-4.970764
2020-03-09,-23.094177
2020-03-10,14.107056
2020-03-11,-13.977844
2020-03-12,-26.096527
2020-03-13,21.085999
2020-03-16,-29.297714
2020-03-17,12.874298
2020-03-18,-12.725174
2020-03-19,0.5070038
2020-03-20,-10.303986
2020-03-23,-5.850006
2020-03-24,20.199997
2020-03-25,3.6399994
2020-03-26,14.410019
2020-03-27,-7.780014
2020-03-30,8.229996
2020-03-31,-3.899994
2020-04-01,-11.600006
2020-04-02,5.680008
2020-04-03,-3.6399994
2020-04-06,16.669983
2020-04-07,0.27001953
2020-04-08,8.899994
2020-04-09,4.1700134
2020-04-13,-2.5400085
2020-04-14,8.130005
2020-04-15,-6.029999
2020-04-16,1.3399963
2020-04-17,7.5400085
